Workbook

Sheet README
A1: Experiment Matrix — Hybrid Graph-RAG for Medical QA (Journal Upgrade)
A2: Conditions × Benchmarks × Backbones × Seeds, with a live run manifest and budget.
A4: Purpose | B4: A directly executable plan: every row of Run_Manifest is one job = (condition × benchmark × backbone × seed). A run processes all items in that benchmark at that seed.
A5: How to use | B5: 1) Pick a row in Run_Manifest. 2) Set Status (dropdown) and Owner; fill started/finished and result_path. 3) Budget_Summary and Live progress update automatically.
A6: Unit of work | B6: 1 run = 1 condition on 1 benchmark with 1 backbone at 1 seed. Item-level outputs are stored as JSONL/Parquet at result_path.
A7: Sheets | B7: Run_Manifest (the matrix) · Conditions · Benchmarks · Backbones · Metrics · Statistics · Budget_Summary (live) · Gates.
A8: Contributions tracked | B8: C1 RGD (decomposition) · C2 CA-RRF (concept fusion) · C3 CARe (adaptive reranking). Headline arm = Hybrid-CARRF-CARe.
A9: Priority tiers | B9: P0 = main comparison (3 seeds, all benchmarks, primary backbone). P1 = model-zoo / RGD generality. P2 = ablations.
A10: Status legend | B10: Pending · Ready · Running · Done · Failed · Blocked (color-coded in Run_Manifest column I).
A11: Cost model | B11: est_tokens = n_items × tokens/item × ctx_factor; est_cost = est_tokens/1e6 × rate. Rates are blended per-1M-token estimates (Backbones sheet) — not vendor quotes.
A12: Key gates | B12: Clinical arm depends on R1 (MIMIC governance) resolved by Day 5. Graph conditions depend on G3 (grounded graph) frozen at Day 20.
A13: Companion docs | B13: Doc 1: Enriched Experiments & Reframed Contributions · Doc 2: 50-Day Plan (hardware, complexity) · Doc 3: Paper Structure & Skeleton.
A14: Note | B14: Figures are planning estimates; treat them as a budget envelope, refine against actual provider pricing and rate limits.

Sheet Run_Manifest
A1: run_id | B1: priority | C1: phase | D1: track | E1: condition | F1: backbone | G1: benchmark | H1: seed | I1: status | J1: owner | K1: started | L1: finished | M1: fusion | N1: rerank | O1: grounding | P1: retr_depth_k | Q1: ctx_factor | R1: n_items | S1: tokens/item | T1: est_tokens | U1: rate $/M | V1: est_cost $ | W1: depends_on | X1: result_path | Y1: notes
A2: R0001 | B2: P0 | C2: P2 | D2: T2 | E2: No-RAG | F2: Llama-70B | G2: MMLU-Med | H2: 42 | I2: Pending | M2: — | N2: off | O2: off | P2: — | Q2: =VLOOKUP(E2,Conditions!$A$2:$I$13,6,FALSE()) -> 0.05 | R2: =VLOOKUP(G2,Benchmarks!$A$2:$I$9,5,FALSE()) -> 1089 | S2: =VLOOKUP(G2,Benchmarks!$A$2:$I$9,6,FALSE()) -> 4500 | T2: =R2*S2*Q2 -> 245025 | U2: =VLOOKUP(F2,Backbones!$A$2:$G$5,6,FALSE()) -> 0.6 | V2: =T2/1000000*U2 -> 0.147015 | W2: H2 (harness)
A3: R0002 | B3: P0 | C3: P2 | D3: T2 | E3: No-RAG | F3: Llama-70B | G3: MMLU-Med | H3: 123 | I3: Pending | M3: — | N3: off | O3: off | P3: — | Q3: =VLOOKUP(E3,Conditions!$A$2:$I$13,6,FALSE()) -> 0.05 | R3: =VLOOKUP(G3,Benchmarks!$A$2:$I$9,5,FALSE()) -> 1089 | S3: =VLOOKUP(G3,Benchmarks!$A$2:$I$9,6,FALSE()) -> 4500 | T3: =R3*S3*Q3 -> 245025 | U3: =VLOOKUP(F3,Backbones!$A$2:$G$5,6,FALSE()) -> 0.6 | V3: =T3/1000000*U3 -> 0.147015 | W3: H2 (harness)
A4: R0003 | B4: P0 | C4: P2 | D4: T2 | E4: No-RAG | F4: Llama-70B | G4: MMLU-Med | H4: 7 | I4: Pending | M4: — | N4: off | O4: off | P4: — | Q4: =VLOOKUP(E4,Conditions!$A$2:$I$13,6,FALSE()) -> 0.05 | R4: =VLOOKUP(G4,Benchmarks!$A$2:$I$9,5,FALSE()) -> 1089 | S4: =VLOOKUP(G4,Benchmarks!$A$2:$I$9,6,FALSE()) -> 4500 | T4: =R4*S4*Q4 -> 245025 | U4: =VLOOKUP(F4,Backbones!$A$2:$G$5,6,FALSE()) -> 0.6 | V4: =T4/1000000*U4 -> 0.147015 | W4: H2 (harness)
A5: R0004 | B5: P0 | C5: P2 | D5: T2 | E5: No-RAG | F5: Llama-70B | G5: MedQA-US | H5: 42 | I5: Pending | M5: — | N5: off | O5: off | P5: — | Q5: =VLOOKUP(E5,Conditions!$A$2:$I$13,6,FALSE()) -> 0.05 | R5: =VLOOKUP(G5,Benchmarks!$A$2:$I$9,5,FALSE()) -> 1273 | S5: =VLOOKUP(G5,Benchmarks!$A$2:$I$9,6,FALSE()) -> 5000 | T5: =R5*S5*Q5 -> 318250 | U5: =VLOOKUP(F5,Backbones!$A$2:$G$5,6,FALSE()) -> 0.6 | V5: =T5/1000000*U5 -> 0.19095 | W5: H2 (harness)
A6: R0005 | B6: P0 | C6: P2 | D6: T2 | E6: No-RAG | F6: Llama-70B | G6: MedQA-US | H6: 123 | I6: Pending | M6: — | N6: off | O6: off | P6: — | Q6: =VLOOKUP(E6,Conditions!$A$2:$I$13,6,FALSE()) -> 0.05 | R6: =VLOOKUP(G6,Benchmarks!$A$2:$I$9,5,FALSE()) -> 1273 | S6: =VLOOKUP(G6,Benchmarks!$A$2:$I$9,6,FALSE()) -> 5000 | T6: =R6*S6*Q6 -> 318250 | U6: =VLOOKUP(F6,Backbones!$A$2:$G$5,6,FALSE()) -> 0.6 | V6: =T6/1000000*U6 -> 0.19095 | W6: H2 (harness)
A7: R0006 | B7: P0 | C7: P2 | D7: T2 | E7: No-RAG | F7: Llama-70B | G7: MedQA-US | H7: 7 | I7: Pending | M7: — | N7: off | O7: off | P7: — | Q7: =VLOOKUP(E7,Conditions!$A$2:$I$13,6,FALSE()) -> 0.05 | R7: =VLOOKUP(G7,Benchmarks!$A$2:$I$9,5,FALSE()) -> 1273 | S7: =VLOOKUP(G7,Benchmarks!$A$2:$I$9,6,FALSE()) -> 5000 | T7: =R7*S7*Q7 -> 318250 | U7: =VLOOKUP(F7,Backbones!$A$2:$G$5,6,FALSE()) -> 0.6 | V7: =T7/1000000*U7 -> 0.19095 | W7: H2 (harness)
A8: R0007 | B8: P0 | C8: P2 | D8: T2 | E8: No-RAG | F8: Llama-70B | G8: MedMCQA | H8: 42 | I8: Pending | M8: — | N8: off | O8: off | P8: — | Q8: =VLOOKUP(E8,Conditions!$A$2:$I$13,6,FALSE()) -> 0.05 | R8: =VLOOKUP(G8,Benchmarks!$A$2:$I$9,5,FALSE()) -> 4183 | S8: =VLOOKUP(G8,Benchmarks!$A$2:$I$9,6,FALSE()) -> 4500 | T8: =R8*S8*Q8 -> 941175 | U8: =VLOOKUP(F8,Backbones!$A$2:$G$5,6,FALSE()) -> 0.6 | V8: =T8/1000000*U8 -> 0.564705 | W8: H2 (harness)
A9: R0008 | B9: P0 | C9: P2 | D9: T2 | E9: No-RAG | F9: Llama-70B | G9: MedMCQA | H9: 123 | I9: Pending | M9: — | N9: off | O9: off | P9: — | Q9: =VLOOKUP(E9,Conditions!$A$2:$I$13,6,FALSE()) -> 0.05 | R9: =VLOOKUP(G9,Benchmarks!$A$2:$I$9,5,FALSE()) -> 4183 | S9: =VLOOKUP(G9,Benchmarks!$A$2:$I$9,6,FALSE()) -> 4500 | T9: =R9*S9*Q9 -> 941175 | U9: =VLOOKUP(F9,Backbones!$A$2:$G$5,6,FALSE()) -> 0.6 | V9: =T9/1000000*U9 -> 0.564705 | W9: H2 (harness)
A10: R0009 | B10: P0 | C10: P2 | D10: T2 | E10: No-RAG | F10: Llama-70B | G10: MedMCQA | H10: 7 | I10: Pending | M10: — | N10: off | O10: off | P10: — | Q10: =VLOOKUP(E10,Conditions!$A$2:$I$13,6,FALSE()) -> 0.05 | R10: =VLOOKUP(G10,Benchmarks!$A$2:$I$9,5,FALSE()) -> 4183 | S10: =VLOOKUP(G10,Benchmarks!$A$2:$I$9,6,FALSE()) -> 4500 | T10: =R10*S10*Q10 -> 941175 | U10: =VLOOKUP(F10,Backbones!$A$2:$G$5,6,FALSE()) -> 0.6 | V10: =T10/1000000*U10 -> 0.564705 | W10: H2 (harness)
A11: R0010 | B11: P0 | C11: P2 | D11: T2 | E11: No-RAG | F11: Llama-70B | G11: PubMedQA | H11: 42 | I11: Pending | M11: — | N11: off | O11: off | P11: — | Q11: =VLOOKUP(E11,Conditions!$A$2:$I$13,6,FALSE()) -> 0.05 | R11: =VLOOKUP(G11,Benchmarks!$A$2:$I$9,5,FALSE()) -> 500 | S11: =VLOOKUP(G11,Benchmarks!$A$2:$I$9,6,FALSE()) -> 5500 | T11: =R11*S11*Q11 -> 137500 | U11: =VLOOKUP(F11,Backbones!$A$2:$G$5,6,FALSE()) -> 0.6 | V11: =T11/1000000*U11 -> 0.0825 | W11: H2 (harness)
A12: R0011 | B12: P0 | C12: P2 | D12: T2 | E12: No-RAG | F12: Llama-70B | G12: PubMedQA | H12: 123 | I12: Pending | M12: — | N12: off | O12: off | P12: — | Q12: =VLOOKUP(E12,Conditions!$A$2:$I$13,6,FALSE()) -> 0.05 | R12: =VLOOKUP(G12,Benchmarks!$A$2:$I$9,5,FALSE()) -> 500 | S12: =VLOOKUP(G12,Benchmarks!$A$2:$I$9,6,FALSE()) -> 5500 | T12: =R12*S12*Q12 -> 137500 | U12: =VLOOKUP(F12,Backbones!$A$2:$G$5,6,FALSE()) -> 0.6 | V12: =T12/1000000*U12 -> 0.0825 | W12: H2 (harness)
A13: R0012 | B13: P0 | C13: P2 | D13: T2 | E13: No-RAG | F13: Llama-70B | G13: PubMedQA | H13: 7 | I13: Pending | M13: — | N13: off | O13: off | P13: — | Q13: =VLOOKUP(E13,Conditions!$A$2:$I$13,6,FALSE()) -> 0.05 | R13: =VLOOKUP(G13,Benchmarks!$A$2:$I$9,5,FALSE()) -> 500 | S13: =VLOOKUP(G13,Benchmarks!$A$2:$I$9,6,FALSE()) -> 5500 | T13: =R13*S13*Q13 -> 137500 | U13: =VLOOKUP(F13,Backbones!$A$2:$G$5,6,FALSE()) -> 0.6 | V13: =T13/1000000*U13 -> 0.0825 | W13: H2 (harness)
... A245: R0244 | B245: P1 | C245: P4 | D245: T3 | E245: Hybrid-CARRF-CARe | F245: BioMed-8B | G245: Clinical-Set | H245: 42 | I245: Pending | M245: CA-RRF | N245: adaptive | O245: on | P245: 32 + 2-hop | Q245: =VLOOKUP(E245,Conditions!$A$2:$I$13,6,FALSE()) -> 1.15 | R245: =VLOOKUP(G245,Benchmarks!$A$2:$I$9,5,FALSE()) -> 200 | S245: =VLOOKUP(G245,Benchmarks!$A$2:$I$9,6,FALSE()) -> 8000 | T245: =R245*S245*Q245 -> 1840000 | U245: =VLOOKUP(F245,Backbones!$A$2:$G$5,6,FALSE()) -> 0.1 | V245: =T245/1000000*U245 -> 0.184 | W245: P3 gate + oracle labels

Sheet Conditions
A1: condition | B1: retrievers | C1: fusion | D1: rerank | E1: grounding | F1: ctx_factor | G1: serves | H1: type | I1: notes
A2: No-RAG | B2: none (closed-book) | C2: — | D2: off | E2: off | F2: 0.05 | G2: Parametric floor | H2: Baseline | I2: Lower bound; isolates parametric knowledge.
A3: BM25 | B3: BM25 lexical | C3: — | D3: off | E3: off | F3: 0.9 | G3: Lexical ceiling | H3: Baseline | I3: Sparse-only retrieval.
A4: Dense-MedCPT | B4: MedCPT | C4: — | D4: off | E4: off | F4: 1 | G4: Dense ceiling | H4: Baseline | I4: Biomedical dense retriever.
A5: Graph-only | B5: Graph traversal | C5: — | D5: off | E5: on | F5: 0.7 | G5: Structural selection | H5: Baseline | I5: Graph summaries/relations only; compact context.
A6: MedGraphRAG-repro | B6: Triple-graph + U-Retrieval | C6: — | D6: builtin | E6: on | F6: 1.1 | G6: SOTA anchor | H6: SOTA | I6: Faithful reproduction; time-boxed (B3).
A7: Hybrid-RRF2 | B7: BM25 + MedCPT | C7: RRF-2 | D7: off | E7: on | F7: 1 | G7: Fusion baseline | H7: Baseline | I7: Field-default 2-way fusion.
A8: Hybrid-RRF4 | B8: BM25+Contriever+SPECTER+MedCPT | C8: RRF-4 | D8: off | E8: on | F8: 1.1 | G8: Strong baseline | H8: Baseline | I8: Field-default 4-way fusion.
A9: Hybrid-CARRF | B9: + Graph + UMLS-concept list | C9: CA-RRF | D9: off | E9: on | F9: 1.1 | G9: C2 (concept fusion) | H9: Contribution | I9: Concept-overlap as a 1st-class fusion signal.
A10: Hybrid-CARRF-staticRerank | B10: + Concept | C10: CA-RRF | D10: static | E10: on | F10: 1.2 | G10: Rerank ablation | H10: Ablation | I10: Always-on cross-encoder rerank.
A11: Hybrid-CARRF-CARe | B11: + Concept | C11: CA-RRF | D11: adaptive | E11: on | F11: 1.15 | G11: C3 (adaptive rerank) — HEADLINE | H11: Contribution | I11: Per-query gate; cost-aware reranking.
A12: Hybrid-CARRF-noVecIndex | B12: + Concept (flat dense) | C12: CA-RRF | D12: off | E12: on | F12: 1.1 | G12: Vector-index ablation | H12: Ablation | I12: Tests value of the ANN vector index.
A13: Hybrid-CARRF-noGrounding | B13: + Concept (no UMLS) | C13: CA-RRF | D13: off | E13: off | F13: 1 | G13: Grounding ablation | H13: Ablation | I13: Tests value of UMLS grounding.

Sheet Benchmarks
A1: benchmark | B1: name | C1: source | D1: type | E1: n_items | F1: tokens/item | G1: role | H1: metric_focus | I1: governance
A2: MMLU-Med | B2: MMLU clinical subset | C2: MIRAGE | D2: MCQ | E2: 1089 | F2: 4500 | G2: Exam-style reasoning | H2: Generation | I2: Public
A3: MedQA-US | B3: USMLE 4-option | C3: MIRAGE | D3: MCQ | E3: 1273 | F3: 5000 | G3: Multi-step reasoning | H3: Generation | I3: Public
A4: MedMCQA | B4: AIIMS/NEET | C4: MIRAGE | D4: MCQ | E4: 4183 | F4: 4500 | G4: Broad subject coverage | H4: Generation | I4: Public
A5: PubMedQA | B5: Reasoning-required | C5: MIRAGE | D5: yes/no/maybe | E5: 500 | F5: 5500 | G5: Evidence-grounded QA | H5: Retrieval+Gen | I5: Public
A6: BioASQ-YN | B6: BioASQ Task B | C6: MIRAGE | D6: yes/no | E6: 618 | F6: 5000 | G6: Fact verification | H6: Retrieval+Gen | I6: Public
A7: GraphRAG-Bench-Med | B7: GraphRAG-Bench (medical) | C7: External | D7: long-form | E7: 50 | F7: 8000 | G7: Graph-stress reasoning | H7: Retrieval+Gen | I7: Public
A8: Clinical-Set | B8: Governance-clean discharge QA | C8: Own | D8: long-form | E8: 200 | F8: 8000 | G8: Patient multi-span/temporal | H8: Retrieval+Gen | I8: DUA/synthetic — see R1
A9: OverRefusal | B9: Over-refusal / faithfulness slice | C9: Curated | D9: mixed | E9: 150 | F9: 6000 | G9: Safety / grounding guard | H9: Grounding | I9: Public/curated
D11: TOTAL items | E11: =SUM(E2:E9) -> 8063

Sheet Backbones
A1: backbone | B1: model_id | C1: provider | D1: role | E1: context | F1: rate $/M (est.) | G1: notes
A2: Llama-70B | B2: meta/llama-3.3-70b-instruct | C2: NVIDIA NIM (hosted) | D2: Primary | E2: 128k | F2: 0.6 | G2: Primary backbone for all main runs.
A3: Qwen-14B | B3: Qwen2.5-14B-Instruct | C3: Local vLLM | D3: Zoo | E3: 32k | F3: 0.15 | G3: Mid-size open model (RGD generality).
A4: Mistral-24B | B4: Mistral-Small-3 24B | C4: Local vLLM | D4: Zoo | E4: 32k | F4: 0.2 | G4: Alternative family (RGD generality).
A5: BioMed-8B | B5: Biomedical-tuned Llama-3.1-8B | C5: Local vLLM | D5: Zoo | E5: 8k | F5: 0.1 | G5: Domain-tuned contrast (RGD generality).

Sheet Metrics
A1: metric | B1: family | C1: applies_to | D1: direction | E1: primary | F1: how_computed
A2: Recall@1 | B2: Retrieval | C2: Retrieval+Gen benchmarks | D2: Higher | F2: Gold doc in top-1
A3: Recall@3 | B3: Retrieval | C3: Retrieval+Gen benchmarks | D3: Higher | E3: YES | F3: Gold doc in top-3
A4: Recall@5 | B4: Retrieval | C4: Retrieval+Gen benchmarks | D4: Higher | F4: Gold doc in top-5
A5: Recall@10 | B5: Retrieval | C5: Retrieval+Gen benchmarks | D5: Higher | F5: Gold doc in top-10
A6: Precision@3 | B6: Retrieval | C6: Retrieval+Gen benchmarks | D6: Higher | F6: Relevant fraction in top-3
A7: MRR | B7: Retrieval | C7: Retrieval+Gen benchmarks | D7: Higher | E7: YES | F7: Mean reciprocal rank of first gold
A8: nDCG@10 | B8: Retrieval | C8: Retrieval+Gen benchmarks | D8: Higher | E8: YES | F8: Graded ranking quality
A9: Accuracy | B9: Generation | C9: MCQ / yes-no | D9: Higher | E9: YES | F9: Correct option / label rate
A10: Exact Match | B10: Generation | C10: All | D10: Higher | E10: YES | F10: Normalized exact answer match (audited)
A11: Token-F1 | B11: Generation | C11: All | D11: Higher | E11: YES | F11: Token overlap F1
A12: BERTScore-F1 | B12: Generation | C12: Long-form | D12: Higher | F12: Semantic similarity to reference
A13: RAGAS-Faithfulness | B13: Grounding | C13: Free-text subset | D13: Higher | E13: YES | F13: Answer supported by retrieved context (real RAGAS)
A14: RAGAS-AnswerRelevance | B14: Grounding | C14: Free-text subset | D14: Higher | F14: Answer addresses the question
A15: RAGAS-ContextPrecision | B15: Grounding | C15: Free-text subset | D15: Higher | F15: Useful fraction of retrieved context
A16: RAGAS-ContextRecall | B16: Grounding | C16: Free-text subset | D16: Higher | F16: Coverage of needed evidence
A17: Human-Faithfulness | B17: Grounding | C17: Human-rated subset | D17: Higher | E17: YES | F17: Clinician/expert rubric (anchor for RAGAS)
A18: Tokens/query | B18: Cost | C18: All | D18: Lower | F18: Mean total tokens per query
A19: Latency-p50 (s) | B19: Cost | C19: All | D19: Lower | F19: Median end-to-end latency
A20: Latency-p95 (s) | B20: Cost | C20: All | D20: Lower | E20: YES | F20: Tail latency
A21: USD/1k queries | B21: Cost | C21: All | D21: Lower | E21: YES | F21: Operating cost per 1000 queries

Sheet Statistics
A1: Statistical protocol
A3: Parameter | B3: Value | C3: Rationale
A4: Seeds (headline conditions) | B4: 42, 123, 7 | C4: ≥3 runs for variance on every main comparison.
A5: Seeds (ablation / zoo) | B5: 42 | C5: 1 seed; extend to 3 if a delta sits near its CI.
A6: Bootstrap resamples | B6: 10,000 | C6: Per-metric 95% confidence intervals.
A7: Significance test | B7: Paired permutation (item-level) | C7: Same items answered by all systems.
A8: Permutations | B8: ≥ 100,000 | C8: Avoid the 1/N resolution floor; report EXACT p, never a floor.
A9: Multiple-comparison correction | B9: Holm–Bonferroni | C9: Controls family-wise error across arms.
A10: Effect size | B10: Paired Cohen's d / Cliff's delta | C10: Reported alongside every p-value.
A11: Alpha | B11: 0.05 | C11: Two-sided.
A12: CI reported for | B12: All headline retrieval/gen/grounding metrics | C12: See Metrics sheet, primary = YES.
A13: Answer-format audit | B13: Mandatory before any F1/EM claim | C13: Resolves the thesis EM 0.00→0.76 anomaly.

Sheet Budget_Summary
A1: Compute & cost budget (live — recalculates from Run_Manifest)
A2: All token/cost figures are engineering estimates; rates are per-1M-token blended estimates from the Backbones sheet.
A4: By phase
A5: phase | B5: runs | C5: est_tokens | D5: est_cost $
A6: P2 | B6: =COUNTIF(Run_Manifest!$C$2:$C$245,"P2") -> 171 | C6: =SUMIF(Run_Manifest!$C$2:$C$245,"P2",Run_Manifest!$T$2:$T$245) -> 654967950 | D6: =SUMIF(Run_Manifest!$C$2:$C$245,"P2",Run_Manifest!$V$2:$V$245) -> 352.47807
A7: P3 | B7: =COUNTIF(Run_Manifest!$C$2:$C$245,"P3") -> 40 | C7: =SUMIF(Run_Manifest!$C$2:$C$245,"P3",Run_Manifest!$T$2:$T$245) -> 255151250 | D7: =SUMIF(Run_Manifest!$C$2:$C$245,"P3",Run_Manifest!$V$2:$V$245) -> 153.09075
A8: P4 | B8: =COUNTIF(Run_Manifest!$C$2:$C$245,"P4") -> 33 | C8: =SUMIF(Run_Manifest!$C$2:$C$245,"P4",Run_Manifest!$T$2:$T$245) -> 170926800 | D8: =SUMIF(Run_Manifest!$C$2:$C$245,"P4",Run_Manifest!$V$2:$V$245) -> 85.921042
A9: TOTAL | B9: =SUM(B6:B8) -> 244 | C9: =SUM(C6:C8) -> 1081046000 | D9: =SUM(D6:D8) -> 591.48986
A10: With 1.5× rerun buffer | C10: =C9*1.5 -> 1621569000 | D10: =D9*1.5 -> 887.23479
A11: + grounding/RAGAS judge (post-hoc, free-text subset): budget ~70M tokens separately.
A12: By condition
A13: condition | B13: runs | C13: est_tokens | D13: est_cost $
A14: No-RAG | B14: =COUNTIF(Run_Manifest!$E$2:$E$245,"No-RAG") -> 24 | C14: =SUMIF(Run_Manifest!$E$2:$E$245,"No-RAG",Run_Manifest!$T$2:$T$245) -> 5824350 | D14: =SUMIF(Run_Manifest!$E$2:$E$245,"No-RAG",Run_Manifest!$V$2:$V$245) -> 3.49461
A15: BM25 | B15: =COUNTIF(Run_Manifest!$E$2:$E$245,"BM25") -> 24 | C15: =SUMIF(Run_Manifest!$E$2:$E$245,"BM25",Run_Manifest!$T$2:$T$245) -> 104838300 | D15: =SUMIF(Run_Manifest!$E$2:$E$245,"BM25",Run_Manifest!$V$2:$V$245) -> 62.90298
A16: Dense-MedCPT | B16: =COUNTIF(Run_Manifest!$E$2:$E$245,"Dense-MedCPT") -> 33 | C16: =SUMIF(Run_Manifest!$E$2:$E$245,"Dense-MedCPT",Run_Manifest!$T$2:$T$245) -> 148632000 | D16: =SUMIF(Run_Manifest!$E$2:$E$245,"Dense-MedCPT",Run_Manifest!$V$2:$V$245) -> 74.71395
A17: Graph-only | B17: =COUNTIF(Run_Manifest!$E$2:$E$245,"Graph-only") -> 33 | C17: =SUMIF(Run_Manifest!$E$2:$E$245,"Graph-only",Run_Manifest!$T$2:$T$245) -> 104042400 | D17: =SUMIF(Run_Manifest!$E$2:$E$245,"Graph-only",Run_Manifest!$V$2:$V$245) -> 52.299765
A18: MedGraphRAG-repro | B18: =COUNTIF(Run_Manifest!$E$2:$E$245,"MedGraphRAG-repro") -> 24 | C18: =SUMIF(Run_Manifest!$E$2:$E$245,"MedGraphRAG-repro",Run_Manifest!$T$2:$T$245) -> 128135700 | D18: =SUMIF(Run_Manifest!$E$2:$E$245,"MedGraphRAG-repro",Run_Manifest!$V$2:$V$245) -> 76.88142
A19: Hybrid-RRF2 | B19: =COUNTIF(Run_Manifest!$E$2:$E$245,"Hybrid-RRF2") -> 4 | C19: =SUMIF(Run_Manifest!$E$2:$E$245,"Hybrid-RRF2",Run_Manifest!$T$2:$T$245) -> 29538500 | D19: =SUMIF(Run_Manifest!$E$2:$E$245,"Hybrid-RRF2",Run_Manifest!$V$2:$V$245) -> 17.7231
A20: Hybrid-RRF4 | B20: =COUNTIF(Run_Manifest!$E$2:$E$245,"Hybrid-RRF4") -> 33 | C20: =SUMIF(Run_Manifest!$E$2:$E$245,"Hybrid-RRF4",Run_Manifest!$T$2:$T$245) -> 163495200 | D20: =SUMIF(Run_Manifest!$E$2:$E$245,"Hybrid-RRF4",Run_Manifest!$V$2:$V$245) -> 82.185345
A21: Hybrid-CARRF | B21: =COUNTIF(Run_Manifest!$E$2:$E$245,"Hybrid-CARRF") -> 24 | C21: =SUMIF(Run_Manifest!$E$2:$E$245,"Hybrid-CARRF",Run_Manifest!$T$2:$T$245) -> 128135700 | D21: =SUMIF(Run_Manifest!$E$2:$E$245,"Hybrid-CARRF",Run_Manifest!$V$2:$V$245) -> 76.88142
A22: Hybrid-CARRF-staticRerank | B22: =COUNTIF(Run_Manifest!$E$2:$E$245,"Hybrid-CARRF-staticRerank") -> 4 | C22: =SUMIF(Run_Manifest!$E$2:$E$245,"Hybrid-CARRF-staticRerank",Run_Manifest!$T$2:$T$245) -> 35446200 | D22: =SUMIF(Run_Manifest!$E$2:$E$245,"Hybrid-CARRF-staticRerank",Run_Manifest!$V$2:$V$245) -> 21.26772
A23: Hybrid-CARRF-CARe | B23: =COUNTIF(Run_Manifest!$E$2:$E$245,"Hybrid-CARRF-CARe") -> 33 | C23: =SUMIF(Run_Manifest!$E$2:$E$245,"Hybrid-CARRF-CARe",Run_Manifest!$T$2:$T$245) -> 170926800 | D23: =SUMIF(Run_Manifest!$E$2:$E$245,"Hybrid-CARRF-CARe",Run_Manifest!$V$2:$V$245) -> 85.921042
A24: Hybrid-CARRF-noVecIndex | B24: =COUNTIF(Run_Manifest!$E$2:$E$245,"Hybrid-CARRF-noVecIndex") -> 4 | C24: =SUMIF(Run_Manifest!$E$2:$E$245,"Hybrid-CARRF-noVecIndex",Run_Manifest!$T$2:$T$245) -> 32492350 | D24: =SUMIF(Run_Manifest!$E$2:$E$245,"Hybrid-CARRF-noVecIndex",Run_Manifest!$V$2:$V$245) -> 19.49541
A25: Hybrid-CARRF-noGrounding | B25: =COUNTIF(Run_Manifest!$E$2:$E$245,"Hybrid-CARRF-noGrounding") -> 4 | C25: =SUMIF(Run_Manifest!$E$2:$E$245,"Hybrid-CARRF-noGrounding",Run_Manifest!$T$2:$T$245) -> 29538500 | D25: =SUMIF(Run_Manifest!$E$2:$E$245,"Hybrid-CARRF-noGrounding",Run_Manifest!$V$2:$V$245) -> 17.7231
A27: By backbone
A28: backbone | B28: runs | C28: est_tokens | D28: est_cost $
A29: Llama-70B | B29: =COUNTIF(Run_Manifest!$F$2:$F$245,"Llama-70B") -> 208 | C29: =SUMIF(Run_Manifest!$F$2:$F$245,"Llama-70B",Run_Manifest!$T$2:$T$245) -> 954073250 | D29: =SUMIF(Run_Manifest!$F$2:$F$245,"Llama-70B",Run_Manifest!$V$2:$V$245) -> 572.44395
A30: Qwen-14B | B30: =COUNTIF(Run_Manifest!$F$2:$F$245,"Qwen-14B") -> 12 | C30: =SUMIF(Run_Manifest!$F$2:$F$245,"Qwen-14B",Run_Manifest!$T$2:$T$245) -> 42324250 | D30: =SUMIF(Run_Manifest!$F$2:$F$245,"Qwen-14B",Run_Manifest!$V$2:$V$245) -> 6.3486375
A31: Mistral-24B | B31: =COUNTIF(Run_Manifest!$F$2:$F$245,"Mistral-24B") -> 12 | C31: =SUMIF(Run_Manifest!$F$2:$F$245,"Mistral-24B",Run_Manifest!$T$2:$T$245) -> 42324250 | D31: =SUMIF(Run_Manifest!$F$2:$F$245,"Mistral-24B",Run_Manifest!$V$2:$V$245) -> 8.46485
A32: BioMed-8B | B32: =COUNTIF(Run_Manifest!$F$2:$F$245,"BioMed-8B") -> 12 | C32: =SUMIF(Run_Manifest!$F$2:$F$245,"BioMed-8B",Run_Manifest!$T$2:$T$245) -> 42324250 | D32: =SUMIF(Run_Manifest!$F$2:$F$245,"BioMed-8B",Run_Manifest!$V$2:$V$245) -> 4.232425
A34: Live progress (updates as you set Status in Run_Manifest)
A35: status | B35: runs | C35: % of total
A36: Pending | B36: =COUNTIF(Run_Manifest!$I$2:$I$245,"Pending") -> 244 | C36: =IF($B$42=0,0,B36/$B$42) -> 1
A37: Ready | B37: =COUNTIF(Run_Manifest!$I$2:$I$245,"Ready") -> 0 | C37: =IF($B$42=0,0,B37/$B$42) -> 0
A38: Running | B38: =COUNTIF(Run_Manifest!$I$2:$I$245,"Running") -> 0 | C38: =IF($B$42=0,0,B38/$B$42) -> 0
A39: Done | B39: =COUNTIF(Run_Manifest!$I$2:$I$245,"Done") -> 0 | C39: =IF($B$42=0,0,B39/$B$42) -> 0
A40: Failed | B40: =COUNTIF(Run_Manifest!$I$2:$I$245,"Failed") -> 0 | C40: =IF($B$42=0,0,B40/$B$42) -> 0
A41: Blocked | B41: =COUNTIF(Run_Manifest!$I$2:$I$245,"Blocked") -> 0 | C41: =IF($B$42=0,0,B41/$B$42) -> 0
A42: TOTAL | B42: =COUNTA(Run_Manifest!$A$2:$A$245) -> 244 | C42: =IF(B42=0,0,SUM(B36:B41)/B42) -> 1

Sheet Gates
A1: Phase gates (go / no-go)
A3: Gate | B3: Day | C3: Exit criteria | D3: Status
A4: End P1 | B4: 10 | C4: Governance locked (R1); harness validated on smoke set; clean graph build underway. | D4: Pending
A5: End P2 | B5: 20 | C5: Baselines + MedGraphRAG reproduced; grounded graph frozen; first RGD signal. | D5: Pending
A6: End P3 | B6: 30 | C6: CA-RRF ablation complete with confidence intervals. | D6: Pending
A7: End P4 | B7: 40 | C7: CARe gate trained; cost–quality frontier produced; model-zoo runs done. | D7: Pending
A8: End P5 | B8: 50 | C8: Full statistics locked; complete draft assembled; reproducibility package built. | D8: Pending
